{
  "CirculateEnoughEpoch": 17872,
  "Epoch": [
    1,
    11000,
    21999,
    32998,
    43997,
    54996,
    65995,
    76994,
    87993,
    98992
  ],
  "BaseLineReward": [
    0.05853516578497203,
    4.790823243618804,
    9.512908996735309,
    14.21479765114825,
    18.886591438581473,
    23.51865007162138,
    28.10154141249161,
    32.62619696680334,
    37.083898983783754,
    41.46638350704597
  ],
  "SimpleReward": [
    36.26626030819598,
    36.22244938737595,
    36.178691391692595,
    36.13498625721047,
    36.091333920071385,
    36.047734316494285,
    36.004187382775164,
    35.960693055286995,
    35.917251270479575,
    35.87386196487951
  ],
  "EpochReward": [
    36.32479547398095,
    41.01327263099476,
    45.69160038842791,
    50.349783908358724,
    54.977925358652854,
    59.56638438811566,
    64.10572879526677,
    68.58689002209033,
    73.00115025426334,
    77.34024547192547
  ],
  "InvestorAndProtoRelease": [
    110.98427194317604,
    1220826.9913749364,
    2441542.9984779297,
    3662259.005580923,
    4882975.012683916,
    6103691.019786909,
    7324407.026889903,
    8545123.033992896,
    9765839.04109589,
    10986555.048198882
  ],
  "NetworkCirculatingSupply": [
    0,
    0,
    153621.70551637077,
    647086.6537305504,
    1219371.9519735167,
    1840679.9132065605,
    2496085.2104180143,
    3183317.589286103,
    3897728.9516001116,
    4630815.119740502
  ],
  "NetWorkTotalReward": [
    36.32479547398095,
    425364.0718353969,
    902213.7967658747,
    1430418.7504753072,
    2009702.8013343317,
    2639682.290267751,
    3319868.588145787,
    4049671.32063128,
    4828402.2169748135,
    5655279.531856966
  ],
  "NetWorkTotalDeposit": [
    293.2158960742492,
    1413821.9659929741,
    2287921.292961559,
    3015172.3518503727,
    3663603.0607103994,
    4263011.106580349,
    4829731.46878209,
    5373839.760169234,
    5902030.813148696,
    6418960.304130117
  ],
  "NetWorkRewardLockFunds": [
    36.32479547398095,
    425364.0718353969,
    902213.7967658747,
    1430418.7504753072,
    2009702.8013343317,
    2639682.290267751,
    3318458.9358355855,
    4037637.005168839,
    4794481.493321896,
    5592059.156185229
  ],
  "NetWorkDepositLockFunds": [
    293.2158960742492,
    1413821.9659929741,
    2287921.292961559,
    3015172.3518503727,
    3663603.0607103994,
    4263011.106580349,
    4829731.46878209,
    5373839.760169234,
    5902030.813148696,
    6418960.304130117
  ],
  "NetWorkRewardUnLockFunds": [
    0,
    0,
    0,
    0,
    0,
    0,
    1409.652310201518,
    12034.315462441333,
    33920.72365291784,
    63220.375671737165
  ],
  "NetWorkDepositUnLockFunds": [
    0,
    0,
    0,
    0,
    0,
    0,
    0,
    0,
    0,
    0
  ],
  "CumSumRealized": [
    "1589160806012245",
    "363516927977141846220",
    "1436454767084618985000",
    "3218815106483237428585",
    "5710597946172997176975",
    "8911803286153898230170",
    "12822431126425940588170",
    "17442481466989124250975",
    "22771954307843449218585",
    "28810849648988915491000"
  ],
  "CumSumBaselinePower": [
    "1152922709529216365",
    "364383551820631852358",
    "1437476682162664454737",
    "3219034283130336918727",
    "5711321655380459281738",
    "8912153920538420916562",
    "12822965842004942078744",
    "17442979091562389555234",
    "22772642349365483946069",
    "28811240191926055809253"
  ],
  "EffectiveNetworkTime": [
    1,
    316,
    1246,
    2788,
    4941,
    7699,
    11058,
    15011,
    19551,
    24669
  ],
  "TotalNetworkPower": [
    "797512434013525",
    "65296330534853720",
    "129795148635693915",
    "194293966736534110",
    "258792784837374305",
    "323291602938214500",
    "387790421039054695",
    "452289239139894890",
    "516788057240735085",
    "581286875341575280"
  ],
  "BaseLinePower": [
    "1152922709529216364",
    "1166252122206239666",
    "1179735641694453300",
    "1193375049685956615",
    "1207172148471722598",
    "1221128761179749883",
    "1235246732015968485",
    "1249527926507929780",
    "1263974231751315149",
    "1278587556659293663"
  ],
  "EffectiveBaselinePower": [
    "1152922709529216365",
    "1153302322756231227",
    "1154423815035374957",
    "1156285725281411316",
    "1158890420965648011",
    "1162235618666302977",
    "1166322817858147619",
    "1171151205108440599",
    "1176721249333919061",
    "1183032202843729696"
  ],
  "IPFSMainAddPower": [
    "586406201480",
    "586406201480",
    "586406201480",
    "586406201480",
    "586406201480",
    "586406201480",
    "586406201480",
    "586406201480",
    "586406201480",
    "586406201480"
  ],
  "IPFSMainTotalPower": [
    "586406201480",
    "6450468216280000",
    "12900350026358520",
    "19350231836437040",
    "25800113646515560",
    "32249995456594080",
    "38699877266672600",
    "45149759076751120",
    "51599640886829640",
    "58049522696908160"
  ],
  "IPFSMainExpectedReward": [
    0,
    4.05159857794078,
    4.541290495385983,
    5.014462814266255,
    5.480974380995736,
    5.942052075860016,
    6.397485923136942,
    6.846683984371821,
    7.288932124283888,
    7.7234915557016794
  ],
  "IPFSMainTotalReward": [
    0,
    40310.86821795121,
    87596.19440764631,
    140155.99749537418,
    197881.01405297758,
    260707.1527406852,
    328574.0823492397,
    401416.65691200015,
    479162.41512103117,
    561730.8499619244
  ],
  "IPFSMainIP": [
    29.321589607399922,
    9.057230357579346,
    7.121445803614538,
    6.192439417896487,
    5.6408329088956926,
    5.282348515687304,
    5.037480193786762,
    4.866245569164887,
    4.745273234092866,
    4.659348351600204
  ],
  "IPFSMainTotalDeposit": [
    29.321589607399922,
    141382.19659917688,
    228792.12929596083,
    301517.23518478015,
    366360.3060707276,
    426301.1106576714,
    482973.1468777972,
    537383.9760164652,
    590203.0813143663,
    641896.0304124644
  ],
  "IPFSMainRewardLockFunds": [
    0,
    40310.86821795121,
    87596.19440764631,
    140155.99749537418,
    197881.01405297758,
    260707.1527406852,
    328452.6164905494,
    400283.28648892365,
    475899.73271797475,
    555592.1225987012
  ],
  "IPFSMainDepositLockFunds": [
    29.321589607399922,
    141382.19659917688,
    228792.12929596083,
    301517.23518478015,
    366360.3060707276,
    426301.1106576714,
    482973.1468777972,
    537383.9760164652,
    590203.0813143663,
    641896.0304124644
  ],
  "IPFSMainRewardUnLockFunds": [
    0,
    0,
    0,
    0,
    0,
    0,
    121.46585869025982,
    1133.3704230765268,
    3262.682403056424,
    6138.727363223204
  ],
  "IPFSMainDepositUnLockFunds": [
    0,
    0,
    0,
    0,
    0,
    0,
    0,
    0,
    0,
    0
  ]
}