{
  "CirculateEnoughEpoch": 1,
  "Epoch": [
    1,
    12,
    23,
    34,
    45,
    56,
    67,
    78,
    89,
    100
  ],
  "BaseLineReward": [
    0.05839169724138681,
    0.061548005147651054,
    0.06470431304558968,
    0.06786062093477573,
    0.07101692881478225,
    0.07417323668518229,
    0.07732954454554888,
    0.08048585239545508,
    0.08364216023447393,
    0.08679846806217849
  ],
  "SimpleReward": [
    36.26626030819598,
    36.26621646683218,
    36.26617262552138,
    36.26612878426357,
    36.266084943058765,
    36.26604110190696,
    36.265997260808156,
    36.26595341976234,
    36.26590957876953,
    36.26586573782972
  ],
  "EpochReward": [
    36.324652005437365,
    36.327764471979826,
    36.330876938566966,
    36.333989405198345,
    36.33710187187355,
    36.34021433859214,
    36.343326805353705,
    36.346439272157795,
    36.349551739004006,
    36.3526642058919
  ],
  "InvestorAndProtoRelease": [
    240.9313463888889,
    2891.176156666667,
    5541.420966944444,
    8191.6657772222225,
    10841.9105875,
    13492.155397777778,
    16142.400208055555,
    18792.645018333333,
    21442.88982861111,
    24093.13463888889
  ],
  "NetworkCirculatingSupply": [
    45.45408233942274,
    556.6093198433581,
    1087.4576790681144,
    1636.9828187608173,
    2204.2653134463735,
    2788.4693610710992,
    3388.831818021942,
    4004.653073298664,
    4635.289391602845,
    5280.146441108232
  ],
  "NetWorkTotalReward": [
    36.324652005437365,
    435.91449886446236,
    835.5385828557229,
    1235.1969039797077,
    1634.8894622369012,
    2034.6162576277825,
    2434.3772901528264,
    2834.1725598125036,
    3234.0020666072783,
    3633.865810537612
  ],
  "NetWorkTotalDeposit": [
    195.47726404946616,
    2334.5668368233087,
    4453.9632878763305,
    6554.682958461405,
    8637.645274053626,
    10703.686036706678,
    12753.568390033613,
    14787.99194503467,
    16807.600437008266,
    18812.988197780658
  ],
  "NetWorkRewardLockFunds": [
    36.324652005437365,
    435.91449886446236,
    835.5385828557229,
    1235.1969039797077,
    1634.8894622369012,
    2034.6162576277825,
    2434.3772901528264,
    2834.1725598125036,
    3234.0020666072783,
    3633.865810537612
  ],
  "NetWorkDepositLockFunds": [
    195.47726404946616,
    2334.5668368233087,
    4453.9632878763305,
    6554.682958461405,
    8637.645274053626,
    10703.686036706678,
    12753.568390033613,
    14787.99194503467,
    16807.600437008266,
    18812.988197780658
  ],
  "NetWorkRewardUnLockFunds": [
    0,
    0,
    0,
    0,
    0,
    0,
    0,
    0,
    0,
    0
  ],
  "NetWorkDepositUnLockFunds": [
    0,
    0,
    0,
    0,
    0,
    0,
    0,
    0,
    0,
    0
  ],
  "CumSumRealized": [
    "1587206118673976",
    "10596360060753168",
    "20078548338693216",
    "30033770952494120",
    "40462027902155880",
    "51363319187678496",
    "62737644809061968",
    "74585004766306296",
    "86905399059411480",
    "99698827688377520"
  ],
  "CumSumBaselinePower": [
    "1152922709529216365",
    "1152922709529216365",
    "1152922709529216365",
    "1152922709529216365",
    "1152922709529216365",
    "1152922709529216365",
    "1152922709529216365",
    "1152922709529216365",
    "1152922709529216365",
    "1152922709529216365"
  ],
  "EffectiveNetworkTime": [
    1,
    1,
    1,
    1,
    1,
    1,
    1,
    1,
    1,
    1
  ],
  "TotalNetworkPower": [
    "795557746675256",
    "838560868117152",
    "881563989559048",
    "924567111000944",
    "967570232442840",
    "1010573353884736",
    "1053576475326632",
    "1096579596768528",
    "1139582718210424",
    "1182585839652320"
  ],
  "BaseLinePower": [
    "1152922709529216364",
    "1152935963758391660",
    "1152949218139940216",
    "1152962472673863784",
    "1152975727360164116",
    "1152988982198842960",
    "1153002237189902070",
    "1153015492333343199",
    "1153028747629168098",
    "1153042003077378518"
  ],
  "EffectiveBaselinePower": [
    "1152922709529216365",
    "1152922709529216365",
    "1152922709529216365",
    "1152922709529216365",
    "1152922709529216365",
    "1152922709529216365",
    "1152922709529216365",
    "1152922709529216365",
    "1152922709529216365",
    "1152922709529216365"
  ],
  "IPFSMainAddPower": [
    "195468733826",
    "195468733826",
    "195468733826",
    "195468733826",
    "195468733826",
    "195468733826",
    "195468733826",
    "195468733826",
    "195468733826",
    "195468733826"
  ],
  "IPFSMainTotalPower": [
    "195468733826",
    "2345624805912",
    "4495780877998",
    "6645936950084",
    "8796093022170",
    "10946249094256",
    "13096405166342",
    "15246561238428",
    "17396717310514",
    "19546873382600"
  ],
  "IPFSMainExpectedReward": [
    0,
    0.0935844049625425,
    0.17801320548887262,
    0.2545693525194063,
    0.3243067915528588,
    0.38809937642990877,
    0.4466777596169676,
    0.5006575713674839,
    0.5505611967330041,
    0.5968347854673332
  ],
  "IPFSMainTotalReward": [
    0,
    0.5704911815359863,
    2.1141895588222885,
    4.538315960033737,
    7.762778478217858,
    11.717959712412066,
    16.342966323506776,
    21.584229628856708,
    27.394376005426498,
    33.73130698872288
  ],
  "IPFSMainIP": [
    9.773863202433306,
    9.681640814369029,
    9.594305201891617,
    9.511378039289557,
    9.43244823966266,
    9.35715990428143,
    9.285202856548763,
    9.216305122606299,
    9.150226897105505,
    9.086755655462555
  ],
  "IPFSMainTotalDeposit": [
    9.773863202433306,
    116.72834184068769,
    222.69816439290506,
    327.73414792172895,
    431.88226370091377,
    535.1843018331435,
    637.6784194990709,
    739.3995972487073,
    840.3800218469738,
    940.649409885183
  ],
  "IPFSMainRewardLockFunds": [
    0,
    0.5704911815359863,
    2.1141895588222885,
    4.538315960033737,
    7.762778478217858,
    11.717959712412066,
    16.342966323506776,
    21.584229628856708,
    27.394376005426498,
    33.73130698872288
  ],
  "IPFSMainDepositLockFunds": [
    9.773863202433306,
    116.72834184068769,
    222.69816439290506,
    327.73414792172895,
    431.88226370091377,
    535.1843018331435,
    637.6784194990709,
    739.3995972487073,
    840.3800218469738,
    940.649409885183
  ],
  "IPFSMainRewardUnLockFunds": [
    0,
    0,
    0,
    0,
    0,
    0,
    0,
    0,
    0,
    0
  ],
  "IPFSMainDepositUnLockFunds": [
    0,
    0,
    0,
    0,
    0,
    0,
    0,
    0,
    0,
    0
  ]
}