{
  "CirculateEnoughEpoch": -2,
  "Epoch": [
    1,
    750,
    1499,
    2248
  ],
  "BaseLineReward": [
    0.061838845404698674,
    0.2516635765823998,
    0.4414870993114211,
    0.6313088891656391
  ],
  "SimpleReward": [
    38.43871043105333,
    38.43607558478891,
    38.43344091913448,
    38.43080643407765
  ],
  "EpochReward": [
    38.500549276458024,
    38.68773916137131,
    38.8749280184459,
    39.06211532324329
  ],
  "InvestorAndProtoRelease": [
    200.77612199074073,
    150582.09149305554,
    300963.4068641204,
    451344.7222351852
  ],
  "NetworkCirculatingSupply": [
    0,
    0,
    0,
    0
  ],
  "NetWorkTotalReward": [
    38.500549276458024,
    28945.608214995664,
    57992.92081608179,
    87180.43728572094
  ],
  "NetWorkTotalDeposit": [
    10906.38510651003,
    3748927.12709536,
    5254647.988646876,
    6217613.850546864
  ],
  "NetWorkRewardLockFunds": [
    38.500549276458024,
    28945.608214995664,
    57992.92081608179,
    87180.43728572094
  ],
  "NetWorkDepositLockFunds": [
    10906.38510651003,
    3748927.12709536,
    5254647.988646876,
    6217613.850546864
  ],
  "NetWorkRewardUnLockFunds": [
    0,
    0,
    0,
    0
  ],
  "NetWorkDepositUnLockFunds": [
    0,
    0,
    0,
    0
  ],
  "CumSumRealized": [
    "1586554556227887",
    "1512009296770675095",
    "4850067958078119750",
    "10015762538478561852"
  ],
  "CumSumBaselinePower": [
    "1152922508042922848",
    "2305846019522794900",
    "5764622574592839621",
    "10376338696189837088"
  ],
  "EffectiveNetworkTime": [
    1,
    2,
    5,
    9
  ],
  "TotalNetworkPower": [
    "794906184229167",
    "3235007544833970",
    "5675108905438773",
    "8115210266043576"
  ],
  "BaseLinePower": [
    "1152922508042922847",
    "1153674327014289880",
    "1154426636245636910",
    "1155179436056661674"
  ],
  "EffectiveBaselinePower": [
    "1152922508042922848",
    "1152923511479872052",
    "1152926521795959669",
    "1152930535562969860"
  ],
  "IPFSMainAddPower": [
    "162890611522",
    "162890611522",
    "162890611522",
    "162890611522"
  ],
  "IPFSMainTotalPower": [
    "162890611522",
    "122167958641500",
    "244173026671478",
    "366178094701456"
  ],
  "IPFSMainExpectedReward": [
    0,
    1.4605401528126998,
    1.6724480807439925,
    1.762501468496747
  ],
  "IPFSMainTotalReward": [
    0,
    786.8333896913017,
    1974.3175901571365,
    3264.3403696623104
  ],
  "IPFSMainIP": [
    545.3192553243298,
    134.64735804774207,
    77.12500070692194,
    54.19456866994665
  ],
  "IPFSMainTotalDeposit": [
    545.3192553243298,
    187446.3563543652,
    262732.3994317793,
    310880.6925266752
  ],
  "IPFSMainRewardLockFunds": [
    0,
    786.8333896913017,
    1974.3175901571365,
    3264.3403696623104
  ],
  "IPFSMainDepositLockFunds": [
    545.3192553243298,
    187446.3563543652,
    262732.3994317793,
    310880.6925266752
  ],
  "IPFSMainRewardUnLockFunds": [
    0,
    0,
    0,
    0
  ],
  "IPFSMainDepositUnLockFunds": [
    0,
    0,
    0,
    0
  ]
}